id,cd_orgao,nr_licitacao,ano_licitacao,vl_licitacao,indicador1,indicador2
3,84100,1,2016,7000.00,0.917143,1
4,78500,1,2016,300000.00,1.00001,1
5,86800,6,2016,44000.00,1.0,0
6,79100,3,2016,18000.00,1.0,0
7,56700,8,2016,46920.00,0.408696,0
